{
    "coverImageFilename": "Cover.png",
    "icon": "Cover.png",
    "components": [
        {
            "Type": "AssetsMod",
            "InstallAction": {
                "PreloadFiles": [
                    "sharedassets19.assets"
                ],
                "Actions": [
                    {
                        "Type": "ReplaceAsset",
                        "FromDataFile": "FullTrail.dat",
                        "Locator": {
                            "TypeIs": "Texture2D",
                            "NameIs": "FullTrail"
                        },
                        "AllowOverwriteName": false,
                        "StepNumber": 1
                    },
                ]
            },
            "UninstallAction": {
                "PreloadFiles": [
                    "sharedassets19.assets"
                ],
                "Actions": [
                    {
                        "Type": "RestoreAsset",
                        "Locator": {
                            "TypeIs": "Texture2D",
                            "NameIs": "FullTrail"
                        },
                        "StepNumber": 1
                    },
                ]
            }
        }
    ],
    "version": "1.0.0",
    "links": {},
    "description": [
        "The trail for the sakura sabers, ported to quest as Qsabers"
    ],
    "gameVersion": "1.10.0",
    "platform": "Quest",
    "id": "Sakuratrail",
    "name": "Sakura saber trail",
    "author": "Simme63",
    "category": "Trail"
}